Source,Page,Product Code,Description,Original Price,New Price
PJ Warehouse,2,7603,Full Size Platform Bed,179.0,398
PJ Warehouse,2,7603,Queen Size Platform Bed,199.0,442
PJ Warehouse,3,7600Q-IVY,Queen Size Platform Bed,399.0,887
PJ Warehouse,4,7602Q-GRAY,Twin Size Platform Bed,129.0,287
PJ Warehouse,4,7602Q-GRAY,Full Size Platform Bed,149.0,331
PJ Warehouse,4,7602Q-GRAY,Queen Size Platform Bed,159.0,353
PJ Warehouse,5,7602Q-IVY,Twin Size Platform Bed,129.0,287
PJ Warehouse,5,7602Q-IVY,Full Size Platform Bed,149.0,331
PJ Warehouse,5,7602Q-IVY,Queen Size Platform Bed,159.0,353
PJ Warehouse,6,7602-PINK,Twin Size Platform Bed,129.0,287
PJ Warehouse,6,7602-PINK,Full Size Platform Bed,149.0,331
PJ Warehouse,6,7602-PINK,Queen Size Platform Bed,159.0,353
PJ Warehouse,7,7401Q-BK,Queen Size Platform Bed,499.0,1109
PJ Warehouse,8,7402Q-WH,Queen Size Platform Bed,499.0,1109
PJ Warehouse,9,7405WH,Full Size Platform Bed,299.0,664
PJ Warehouse,9,7405WH,Queen Size Platform Bed,299.0,664
PJ Warehouse,10,7500F-GRAY / 7500Q-GRAY,Full Size Platform Bed,299.0,664
PJ Warehouse,10,7500F-GRAY / 7500Q-GRAY,Queen Size Platform Bed,299.0,664
PJ Warehouse,11,7403GRAY,Full Size Platform Bed,299.0,664
PJ Warehouse,11,7403GRAY,Queen Size Platform Bed,299.0,664
PJ Warehouse,12,7404BK,Full Size Platform Bed,299.0,664
PJ Warehouse,12,7404BK,Queen Size Platform Bed,299.0,664
PJ Warehouse,13,7102 BROWN,Full Bed,109.0,242
PJ Warehouse,13,7102 BROWN,Queen Bed,119.0,264
PJ Warehouse,14,7102 GRAY,Full Bed,109.0,242
PJ Warehouse,14,7102 GRAY,Queen Bed,119.0,264
PJ Warehouse,15,7011GRAY,Twin Bed,119.0,264
PJ Warehouse,15,7011GRAY,Full Bed,139.0,309
PJ Warehouse,15,7011GRAY,Queen Bed,149.0,331
PJ Warehouse,16,7011CHAR,Twin Bed,119.0,264
PJ Warehouse,16,7011CHAR,Full Bed,139.0,309
PJ Warehouse,16,7011CHAR,Queen Bed,149.0,331
PJ Warehouse,17,7804 GRAY,Full Bed,249.0,553
PJ Warehouse,17,7804 GRAY,Queen Bed,269.0,598
PJ Warehouse,18,7100TWIN/ FULL/ QUEEN,Twin Bed,75.0,167
PJ Warehouse,18,7100TWIN/ FULL/ QUEEN,Full Bed,85.0,189
PJ Warehouse,18,7100TWIN/ FULL/ QUEEN,Queen Bed,95.0,211
PJ Warehouse,19,7016-GRAY,Full Bed,99.0,220
PJ Warehouse,19,7016-GRAY,Queen Bed,109.0,242
PJ Warehouse,20,7806-GRAY,Full Bed,199.0,442
PJ Warehouse,20,7806-GRAY,Queen Bed,229.0,509
PJ Warehouse,21,7013,Twin Bed,99.0,220
PJ Warehouse,21,7013,Full Bed,119.0,264
PJ Warehouse,21,7013,Queen Bed,129.0,287
PJ Warehouse,22,7020WH,Full Bed,199.0,442
PJ Warehouse,22,7020WH,Queen Bed,219.0,487
PJ Warehouse,22,7021BK,Full Bed,199.0,442
PJ Warehouse,22,7021BK,Queen Bed,219.0,487
PJ Warehouse,23,7901CA-T/F,Twin Bed,109.0,242
PJ Warehouse,23,7901CA-T/F,Full Bed,129.0,287
PJ Warehouse,24,7901WH-T/F,Twin Bed,109.0,242
PJ Warehouse,24,7901WH-T/F,Full Bed,129.0,287
PJ Warehouse,25,7701CA,Twin/Twin size Bunk Bed,219.0,487
PJ Warehouse,26,7701WH,Twin/Twin size Bunk Bed,219.0,487
PJ Warehouse,27,7702CA,Full/Twin size Bunk Bed,279.0,620
PJ Warehouse,28,7702WH,Full/Twin size Bunk Bed,279.0,620
PJ Warehouse,29,7905BK,Twin/Twin Bunk Bed,149.0,331
PJ Warehouse,29,7004BK,Twin/Full Metal Bunk Bed,169.0,376
PJ Warehouse,30,2331,Folding Bed with Foam Mattress,119.0,264
PJ Warehouse,30,1901,Twin Size Metal Bed Frame,59.0,131
PJ Warehouse,30,1901,Full Size Metal Bed Frame,79.0,176
PJ Warehouse,30,1901,Queen Size Metal Bed Frame,89.0,198
PJ Warehouse,31,1901,Full Size,79.0,176
PJ Warehouse,31,1901,Queen Size,89.0,198
PJ Warehouse,31,1901,Twin Size,59.0,131
PJ Warehouse,32,7801F-BL,Full Bed,85.0,189
PJ Warehouse,32,7801F-CHAR,Full Bed,85.0,189
PJ Warehouse,32,7800F-BL,Full Bed,99.0,220
PJ Warehouse,32,7800F-CHAR,Full Bed,99.0,220
PJ Warehouse,32,7800Q2-BL,Queen Bed,99.0,220
PJ Warehouse,32,7800Q-CHAR,Queen Bed,99.0,220
PJ Warehouse,33,7003T-BK / 7003F-BK,Twin Bed,69.0,153
PJ Warehouse,33,7003T-BK / 7003F-BK,Full Bed,89.0,198
PJ Warehouse,34,7003T-WH / 7003F-WH,Twin Bed,69.0,153
PJ Warehouse,34,7003T-WH / 7003F-WH,Full Bed,89.0,198
PJ Warehouse,35,7202,Twin Bed,99.0,220
PJ Warehouse,35,7202,Full Bed,119.0,264
PJ Warehouse,35,7202,Queen Bed,129.0,287
PJ Warehouse,36,7203,Twin Bed,99.0,220
PJ Warehouse,36,7203,Full Bed,119.0,264
PJ Warehouse,36,7203,Queen Bed,129.0,287
PJ Warehouse,37,7009T/7009F/7009Q,Twin Size Bed,79.0,176
PJ Warehouse,37,7009T/7009F/7009Q,Full Size Bed,99.0,220
PJ Warehouse,37,7009T/7009F/7009Q,Queen Size Bed,109.0,242
PJ Warehouse,38,7001T/7001F/7001Q,Twin Size Bed,95.0,211
PJ Warehouse,38,7001T/7001F/7001Q,Full Size Bed,119.0,264
PJ Warehouse,38,7001T/7001F/7001Q,Queen Size Bed,129.0,287
PJ Warehouse,39,7002,Twin Bed,79.0,176
PJ Warehouse,39,7002,Full Bed,99.0,220
PJ Warehouse,39,7002,Queen Bed,109.0,242
PJ Warehouse,40,8910,8911-NS Night Stand,90.0,200
PJ Warehouse,40,8910,8912-MR Mirror,60.0,133
PJ Warehouse,40,8910,8913-DS Dresser,260.0,578
PJ Warehouse,40,8910,8914-CH Chest,190.0,422
PJ Warehouse,40,8910,Queen Bed,499.0,1109
PJ Warehouse,41,8003,8003-NS Night Stand,90.0,200
PJ Warehouse,41,8003,8003-MR Mirror,75.0,167
PJ Warehouse,41,8003,8003-DS Dresser,250.0,556
PJ Warehouse,41,8003,8003-CH Chest,185.0,411
PJ Warehouse,41,8003,Queen Bed,220.0,489
PJ Warehouse,41,8003,"Queen Bed 5pcs Set (QB, NS, MR, DS, CH)",790.0,1756
PJ Warehouse,42,8010,8010-NS Night Stand,85.0,189
PJ Warehouse,42,8010,8010-MR Mirror,60.0,133
PJ Warehouse,42,8010,8010-DS Dresser,225.0,500
PJ Warehouse,42,8010,8010-CH Chest,175.0,389
PJ Warehouse,42,8010,Full Bed,180.0,400
PJ Warehouse,42,8010,Queen Bed,190.0,422
PJ Warehouse,42,8010,"Full Bed 5pcs Set (FB, NS, MR, DS, CH)",640.0,1422
PJ Warehouse,42,8010,"Queen Bed 5pcs Set (QB, NS, MR, DS, CH)",650.0,1444
PJ Warehouse,43,8009,8009-NS Night Stand,75.0,167
PJ Warehouse,43,8009,8009-MR Mirror,55.0,122
PJ Warehouse,43,8009,8009-DS Dresser,220.0,489
PJ Warehouse,43,8009,8009-CH Chest,170.0,378
PJ Warehouse,43,8009,Full Bed,175.0,389
PJ Warehouse,43,8009,Queen Bed,185.0,411
PJ Warehouse,43,8009,Full Bed 5pcs Set,650.0,1444
PJ Warehouse,43,8009,Queen Bed 5pcs Set,670.0,1489
PJ Warehouse,44,8008,8008-NS Night Stand,75.0,167
PJ Warehouse,44,8008,8008-MR Mirror,55.0,122
PJ Warehouse,44,8008,8008-DS Dresser,220.0,489
PJ Warehouse,44,8008,8008-CH Chest,170.0,378
PJ Warehouse,44,8008,Full Bed,175.0,389
PJ Warehouse,44,8008,Queen Bed,185.0,411
PJ Warehouse,44,8008,Full Bed 5pcs Set,650.0,1444
PJ Warehouse,44,8008,Queen Bed 5pcs Set,670.0,1489
PJ Warehouse,46,9701BR,Sofa Bed with Storage,299.0,664
PJ Warehouse,47,2400IVY/GRAY/BL,Sofa Bed,169.0,376
PJ Warehouse,48,2402RD/GR/BL,Sofa Bed,149.0,331
PJ Warehouse,49,9211/9212/9213,Chair,185.0,411
PJ Warehouse,49,9211/9212/9213,Loveseat,220.0,489
PJ Warehouse,49,9211/9212/9213,Sofa,295.0,656
PJ Warehouse,49,9212+9213,Loveseat + Sofa,549.0,1220
PJ Warehouse,50,9921/9922/9923,Chair,170.0,378
PJ Warehouse,50,9921/9922/9923,Loveseat,220.0,489
PJ Warehouse,50,9921/9922/9923,Sofa,260.0,578
PJ Warehouse,50,9922+9923,Loveseat + Sofa,470.0,1044
PJ Warehouse,51,9931/9932/9933,Chair,170.0,378
PJ Warehouse,51,9931/9932/9933,Loveseat,220.0,489
PJ Warehouse,51,9931/9932/9933,Sofa,260.0,578
PJ Warehouse,51,9932+9933,Loveseat + Sofa,470.0,1044
PJ Warehouse,52,9941/9942/9943,Chair,170.0,378
PJ Warehouse,52,9941/9942/9943,Loveseat,220.0,489
PJ Warehouse,52,9941/9942/9943,Sofa,260.0,578
PJ Warehouse,52,9942+9943,Loveseat + Sofa,470.0,1044
PJ Warehouse,53,9900BK,Sofa,549.0,1220
PJ Warehouse,54,9910GRAY,Sofa,549.0,1220
PJ Warehouse,55,0021PR,Pink Rose Marble Console Table,499.0,1109
PJ Warehouse,56,0021GRAY,Gray Rose Marble Console Table,699.0,1553
PJ Warehouse,57,0022GRAY/0022PR,Gray/Pink Rose Marble Coffee Table,249.0,553
PJ Warehouse,57,0023GRAY/0023PR,Gray/Pink Rose Marble Coffee Table,189.0,420
PJ Warehouse,58,0026GRAY/0026PR,Gray/Pink Rose Marble End Table,99.0,220
PJ Warehouse,58,0024GRAY/0024PR,Gray/Pink Rose Marble Stand,119.0,264
PJ Warehouse,58,0025GRAY/0025PR,Gray/Pink Rose Marble Stand,109.0,242
PJ Warehouse,59,2511,Black Marble Coffee Table,319.0,709
PJ Warehouse,59,2512,Black Marble End Table,219.0,487
PJ Warehouse,59,2512,Black Marble Console Table,299.0,664
PJ Warehouse,60,2514,Gray Marble Coffee Table,299.0,664
PJ Warehouse,60,2515,Gray Marble End Table,199.0,442
PJ Warehouse,60,2516,Gray Marble Console Table,279.0,620
PJ Warehouse,61,2412,18mm White Gloss Coffee Table with Stainless Gold Frame,219.0,487
PJ Warehouse,61,2413,18mm White Gloss End Table with Stainless Gold Frame,169.0,376
PJ Warehouse,62,2400,18mm White Marble Coffee Table with Stainless Gold Frame,249.0,553
PJ Warehouse,62,2401,18mm White Marble End Table with Stainless Gold Frame,189.0,420
PJ Warehouse,63,2410,18mm White Marble Coffee Table with Stainless Chrome Frame,229.0,509
PJ Warehouse,63,2401,18mm White Marble End Table with Stainless Chrome Frame,169.0,376
PJ Warehouse,64,3200WH/3200BK,High Gloss Lacquer Coffee Table,79.0,176
PJ Warehouse,64,3201WH/3201BK,High Gloss End Table,69.0,153
PJ Warehouse,65,2437 GOLD,3PC Pack Coffee Table & End Table Set,199.0,442
PJ Warehouse,66,2437 CHROME,3PC Pack Coffee Table & End Table Set,179.0,398
PJ Warehouse,67,2438WH,Marble Coffee Table,199.0,442
PJ Warehouse,67,2439WH,Marble End Table,159.0,353
PJ Warehouse,68,2438BK,Marble Coffee Table,199.0,442
PJ Warehouse,68,2439BK,Marble End Table,159.0,353
PJ Warehouse,69,2436 GOLD,3PC Pack Coffee Table & End Table Set,219.0,487
PJ Warehouse,70,2436 CHROME,3PC Pack Coffee Table & End Table Set,199.0,442
PJ Warehouse,71,4200CA,Coffee Table,55.0,122
PJ Warehouse,71,4201CA,End Table,39.0,87
PJ Warehouse,72,4200OAK,Coffee Table,55.0,122
PJ Warehouse,72,4201OAK,End Table,39.0,87
PJ Warehouse,73,2433,3 PACK TABLES,129.0,287
PJ Warehouse,74,2021GL,Coffee Table,79.0,176
PJ Warehouse,74,5501CA/5501RD,End Table And Stool,25.0,56
PJ Warehouse,75,2432BK/RD,Coffee Table,49.0,109
PJ Warehouse,77,4160,Wooden Dining Table,139.0,309
PJ Warehouse,77,4110 GREEN,Wooden Dining Chair,59.95,133
PJ Warehouse,78,4130,Wooden Dining Table,109.0,242
PJ Warehouse,78,4110 GREEN,Wooden Dining Chair,59.95,133
PJ Warehouse,79,4160,Wooden Dining Table,139.0,309
PJ Warehouse,79,4110 IVY,Wooden Dining Chair,59.95,133
PJ Warehouse,80,4130,Wooden Dining Table,109.0,242
PJ Warehouse,80,4110 IVY,Wooden Dining Chair,59.95,133
PJ Warehouse,81,4160,Wooden Dining Table,139.0,309
PJ Warehouse,81,4110 GRAY,Wooden Dining Chair,59.95,133
PJ Warehouse,82,4130,Wooden Dining Table,109.0,242
PJ Warehouse,82,4110 GRAY,Wooden Dining Chair,59.95,133
PJ Warehouse,83,3016T/3000WH,Dining Table with White Marble Table,549.0,1220
PJ Warehouse,83,1600WH-GOLD,Dining Chair,149.0,331
PJ Warehouse,84,3016T/3000WH,Dining Table with White Marble Table,599.0,1331
PJ Warehouse,84,1500WH-GOLD,Dining Chair,99.0,220
PJ Warehouse,85,3011T/3000BK,Dining Table with Black Marble Table,549.0,1220
PJ Warehouse,85,1003BK-GOLD,Dining Chair,149.0,331
PJ Warehouse,86,3011T/3000BK,Dining Table with Black Marble Table,549.0,1220
PJ Warehouse,86,2680BK-GOLD,Dining Chair,85.0,189
PJ Warehouse,87,3010T/3000BK,Dining Table with Black Marble Table,499.0,1109
PJ Warehouse,87,1003BK-GOLD,Dining Chair,149.0,331
PJ Warehouse,88,3010T/3002BK,Dining Table with Black Glass Table,499.0,1109
PJ Warehouse,88,1003BK-GOLD,Dining Chair,149.0,331
PJ Warehouse,89,3010T/3002WH,Dining Table with White Glass Table,499.0,1109
PJ Warehouse,89,1002WH-GOLD,Dining Chair,149.0,331
PJ Warehouse,90,3010T/3000WH,Dining Table with White Marble Top,499.0,1109
PJ Warehouse,90,1002WH-GOLD,Dining Chair,149.0,331
PJ Warehouse,91,3012T/3000WH,Dining Table with White Marble Top,499.0,1109
PJ Warehouse,91,2680WH-CHROME,Dining Chair,79.0,176
PJ Warehouse,92,3012T/3000GRAY,Dining Table with Gray Marble Top,499.0,1109
PJ Warehouse,92,2680GRAY-CHROME,Dining Chair,79.0,176
PJ Warehouse,93,3000T/3000GRAY,Dining Table with Gray Marble Top,399.0,887
PJ Warehouse,93,1200GRAY,Dining Chair,89.0,198
PJ Warehouse,94,3012T/3000GRAY,Dining Table with Gray Marble Top,499.0,1109
PJ Warehouse,94,2680GRAY-CHROME,Dining Chair,79.0,176
PJ Warehouse,95,3000T/3002WH,Dining Table with White Glass Top,349.0,776
PJ Warehouse,95,1500 CHROME,Dining Chair,89.0,198
PJ Warehouse,96,3000T/3000BK,Dining Table with Black Marble Top,399.0,887
PJ Warehouse,96,1200GRAY,Dining Chair,89.0,198
PJ Warehouse,97,3000T/3000BK,Dining Table with Black Marble Top,399.0,887
PJ Warehouse,97,1500GRAY-CHROME,Dining Chair,89.0,198
PJ Warehouse,98,3000T/3000BK,Dining Table with Black Marble Top,399.0,887
PJ Warehouse,98,1301BK,Dining Chair,89.0,198
PJ Warehouse,99,3000T/3000GRAY,Dining Table with Gray Marble Top,399.0,887
PJ Warehouse,99,1500GRAY-CHROME,Dining Chair,89.0,198
PJ Warehouse,100,3000T/3000GRAY,Dining Table with Gray Marble Top,399.0,887
PJ Warehouse,100,1301BK,Dining Chair,89.0,198
PJ Warehouse,101,3000T/3002BK,Dining Table with Black Glass Top,349.0,776
PJ Warehouse,101,1500GRAY-CHROME,Dining Chair,89.0,198
PJ Warehouse,102,3000T/3002BK,Dining Table with Black Glass Top,349.0,776
PJ Warehouse,102,1301BK,Dining Chair,89.0,198
PJ Warehouse,103,3000T/3000GRAY,Dining Table with Gray Marble Top,399.0,887
PJ Warehouse,103,1001BK,Dining Chair,149.0,331
PJ Warehouse,104,3000T/3000BK,Dining Table with Black Marble Top,399.0,887
PJ Warehouse,104,1001BK,Dining Chair,149.0,331
PJ Warehouse,105,3000T/3002BK,Dining Table with Black Glass Top,349.0,776
PJ Warehouse,105,1001BK,Dining Chair,149.0,331
PJ Warehouse,106,3008T/3008GRAY,Dining Table with 22mm Gray Marble Top,399.0,887
PJ Warehouse,106,1500GRAY-CHROME,Dining Chair,89.0,198
PJ Warehouse,107,3007T/3007WH,Dining Table with White Glass Top,399.0,887
PJ Warehouse,107,1403WH-GOLD,Dining Chair,99.0,220
PJ Warehouse,107,3008T/3007WH,Dining Table with 12mm White Glass Top,349.0,776
PJ Warehouse,107,1200GRAY,Dining Chair,89.0,198
PJ Warehouse,108,3007T/3007WH,Dining Table with White Glass Top,399.0,887
PJ Warehouse,108,1401BK,Dining Chair,99.0,220
PJ Warehouse,109,3008T/3008GRAY,Dining Table with Gray Marble Top,399.0,887
PJ Warehouse,109,1200GRAY,Dining Chair,89.0,198
PJ Warehouse,110,3102T,Glass Dining Table,149.0,331
PJ Warehouse,110,2680GRAY-CHROME,Chair (Welded),79.0,176
PJ Warehouse,111,3102T,Glass Dining Table,149.0,331
PJ Warehouse,111,2680BK-CHROME,Chair (Welded),79.0,176
PJ Warehouse,112,3102T,Glass Dining Table,149.0,331
PJ Warehouse,112,2680WH-CHROME,Chair (Welded),79.0,176
PJ Warehouse,113,2240,Glass Dining Table,75.0,167
PJ Warehouse,113,2800BLACK-GRAY,Chair,30.0,67
PJ Warehouse,114,2250,Glass Dining Table,59.0,131
PJ Warehouse,114,2800BLACK-GRAY,Chair (Welded),30.0,67
PJ Warehouse,115,3101T,Glass Dining Table,129.0,287
PJ Warehouse,115,2800WH-CHROME,Chair (Welded),35.0,78
PJ Warehouse,116,"3112T(30"" x 48"")",Glass Dining Table,119.0,264
PJ Warehouse,116,"3102T (36"" x 60"")",Glass Dining Table,149.0,331
PJ Warehouse,116,2800WH-CHROME,Chair (Welded),35.0,78
PJ Warehouse,117,3105T,Glass Dining Table,139.0,309
PJ Warehouse,117,2800WH-GOLD,Chair (Welded),40.0,89
PJ Warehouse,118,"3114T(30"" x 48"")",Glass Dining Table,129.0,287
PJ Warehouse,118,"3104T(36"" x 60"")",Glass Dining Table,159.0,353
PJ Warehouse,118,2800WH-GOLD,Chair (Welded),40.0,89
PJ Warehouse,119,3101T,Glass Dining Table,129.0,287
PJ Warehouse,119,2800BK-CHROME,Chair (Welded),35.0,78
PJ Warehouse,120,"3112T(30""x 48"")",Glass Dining Table,119.0,264
PJ Warehouse,120,"3102T (36"" x 60"")",Glass Dining Table,149.0,331
PJ Warehouse,120,2800BK-CHROME,Chair (Welded),35.0,78
PJ Warehouse,121,3105T,Glass Dining Table,139.0,309
PJ Warehouse,121,2800BK-GOLD,Chair (Welded),40.0,89
PJ Warehouse,122,"3114T (30"" x 48"")",Glass Dining Table,129.0,287
PJ Warehouse,122,"3104T (36"" x 60"")",Glass Dining Table,159.0,353
PJ Warehouse,122,2800BK-GOLD,Chair (Welded),40.0,89
PJ Warehouse,123,3105T,Glass Dining Table,119.0,264
PJ Warehouse,123,2800BK-GRAY,Chair (Welded),30.0,67
PJ Warehouse,124,3106T,Dining Table,139.0,309
PJ Warehouse,124,2800BK-GRAY,Dining Chair,30.0,67
PJ Warehouse,125,3103T,Dining Table,139.0,309
PJ Warehouse,125,2650BK-GOLD,Dining Chair,69.0,153
PJ Warehouse,126,3104T,Dining Table,139.0,309
PJ Warehouse,126,2650BK-GOLD,Dining Chair,69.0,153
PJ Warehouse,127,3102T,Dining Table,149.0,331
PJ Warehouse,127,2650BK,Dining Chair,65.0,144
PJ Warehouse,128,3101T,Dining Table,129.0,287
PJ Warehouse,128,2650BK,Dining Chair,65.0,144
PJ Warehouse,129,4031T,Dining Table,139.0,309
PJ Warehouse,129,4026CA,Dining Chair,49.95,111
PJ Warehouse,130,3003T,Dining Table,179.0,398
PJ Warehouse,130,2650BK,Dining Chair,65.0,144
PJ Warehouse,131,2206T,Dining Table,89.0,198
PJ Warehouse,131,2206C,Dining Chair,39.0,87
PJ Warehouse,131,2206T+4 chairs,Table & 4 Chairs,199.0,442
PJ Warehouse,132,2216T,Dining Table,89.0,198
PJ Warehouse,132,2216C,Dining Chair,39.0,87
PJ Warehouse,132,2216T+4 chairs,Table & 4 Chairs,199.0,442
PJ Warehouse,133,4002,Dining Table,85.0,189
PJ Warehouse,133,4012BK/WH,Dining Chair,42.0,93
PJ Warehouse,134,4154,Dining Table,95.0,211
PJ Warehouse,134,4102BK/WH,Dining Chair,42.0,93
PJ Warehouse,135,4159T,Dining Table,89.0,198
PJ Warehouse,135,4107CA,Dining Chair,42.0,93
PJ Warehouse,136,4003CA-PVC,3-PC Pack Breakfast Set,119.0,264
PJ Warehouse,137,4003ESP-BL,3-PC Pack Breakfast Set,119.0,264
PJ Warehouse,138,4003N/4003CH,3-PC Pack Breakfast Set,119.0,264
PJ Warehouse,139,4158,Dining Table,89.0,198
PJ Warehouse,139,4018,Dining Chair,39.95,89
PJ Warehouse,140,4159,Dining Table,89.0,198
PJ Warehouse,140,4019,Dining Chair,39.95,89
PJ Warehouse,141,4114CA,5-PC Pack Breakfast Set,179.0,398
PJ Warehouse,142,4114ESP,5-PC Pack Breakfast Set,179.0,398
PJ Warehouse,143,4138,Dining Table,92.0,204
PJ Warehouse,143,4109,Dining Chair,39.95,89
PJ Warehouse,144,4138,Dining Table,92.0,204
PJ Warehouse,144,4107,Dining Chair,42.0,93
PJ Warehouse,145,4104BK,Bench,39.95,89
PJ Warehouse,145,4026CA,Dining Chair,49.95,111
PJ Warehouse,145,4107CA,Dining Chair,42.0,93
PJ Warehouse,145,4102BK,Dining Chair,42.0,93
PJ Warehouse,145,4108,Dining Chair in Nature,39.95,89
PJ Warehouse,145,4109,Dining Chair in Cappuccino,39.95,89
PJ Warehouse,146,2800WH,Chair -GOLD,40.0,89
PJ Warehouse,146,2800WH,Chair -CHROME,35.0,78
PJ Warehouse,146,2800BK-GRAY,Chair,30.0,67
PJ Warehouse,146,2800BK,Chair -CHROME,35.0,78
PJ Warehouse,146,2800BK-GOLD,Chair,40.0,89
PJ Warehouse,147,1600WH-GOLD,Chair,149.0,331
PJ Warehouse,147,1500WH-GOLD,Chair,99.0,220
PJ Warehouse,147,1403WH-GOLD,Chair,99.0,220
PJ Warehouse,147,1500GRAY-CHROME,Chair,89.0,198
PJ Warehouse,147,1301BK,Chair,99.0,220
PJ Warehouse,147,1001BK,Dining Chair,149.0,331
PJ Warehouse,148,1200GRAY-CHROME,Dining Chair,89.0,198
PJ Warehouse,148,1003BK-GOLD / 1002WH-GOLD,Dining Chair,149.0,331
PJ Warehouse,148,2680BK-GOLD,Dining Chair,85.0,189
PJ Warehouse,148,2680WH-CHROME,Dining Chair,79.0,176
PJ Warehouse,148,2680GRAY-CHROME,Dining Chair,79.0,176
PJ Warehouse,148,2680BK-CHROME,Dining Chair,79.0,176
PJ Warehouse,149,4410GREEN / 4110IVY / 4110GRAY,Dining Chair,59.95,133
PJ Warehouse,149,2600BK,Chrome Steel Dining Chair(4),65.0,144
PJ Warehouse,149,2650BK-GOLD,Chrome Steel Dining Chair(4),69.0,153
PJ Warehouse,149,2216C,Pub Chair,39.0,87
PJ Warehouse,149,2206C(WELDED),Dining Chair,39.0,87
PJ Warehouse,150,2370 SL/BK/WH/RD,Bar Stool,29.95,67
PJ Warehouse,150,2391RD/2391WH,Bar Table,45.0,100
PJ Warehouse,150,2371RD/2371WH,Bar Stool,45.0,100
PJ Warehouse,151,4009,3PCS Marble Design Breakfast Table Set,89.0,198
PJ Warehouse,152,2235,Bar Table,129.0,287
PJ Warehouse,154,2006GRAY,Metal Cabinet,49.95,111
PJ Warehouse,155,4500TAUPE/CA,Computer Desk,39.95,89
PJ Warehouse,155,2715,Computer Desk,49.95,111
PJ Warehouse,155,2716,Computer Desk,59.95,133
PJ Warehouse,156,2714,Computer Desk with Glass,39.95,89
PJ Warehouse,156,2704WH/2704BK,Computer Desk,19.95,44
PJ Warehouse,156,2709,Computer Desk,49.95,111
PJ Warehouse,157,2707,Computer Chair,35.0,78
PJ Warehouse,157,2725BK,Computer Chair,59.95,133
PJ Warehouse,157,2724BK/2724GRAY,Computer Chair,99.95,222
PJ Warehouse,157,2706,Computer Chair,55.0,122
PJ Warehouse,157,2708BK,Computer Chair,69.95,155
PJ Warehouse,158,2720BK-RD / 2721BK-GRAY,Computer Chair,85.0,189
PJ Warehouse,158,2722RD/2723BK,Computer Chair,109.95,244
PJ Warehouse,159,2524ESP/BK/WH,Microwave Cart without Outlet,65.0,144
PJ Warehouse,160,2526BK/2526WH,Microwave Cart,49.95,111
PJ Warehouse,160,4405WH/4405N,Microwave Cart,65.0,144
PJ Warehouse,161,4406N/4406WH,Kitchen Cabinet,99.95,222
PJ Warehouse,161,4412,Bathroom Space Saver,49.95,111
PJ Warehouse,163,2012BK,Bathroom Space Saver,21.95,49
PJ Warehouse,163,4413,Bathroom Space Saver,49.95,111
PJ Warehouse,164,2008BK,Bathroom Space Saver,19.95,44
PJ Warehouse,164,2007WH/2007SL,Bathroom Rack,19.95,44
PJ Warehouse,165,4801,TV/Buffet Stand,99.95,222
PJ Warehouse,166,4422,TV Stand,129.0,287
PJ Warehouse,167,4420,TV Stand,79.0,176
PJ Warehouse,167,4421,TV Stand,99.0,220
PJ Warehouse,167,4432CA,TV Stand,49.95,111
PJ Warehouse,168,2767,TV Stand,75.0,167
PJ Warehouse,168,2766,TV Stand,65.0,144
PJ Warehouse,168,2769,TV Stand,129.0,287
PJ Warehouse,169,4331,Cabinet,69.0,153
PJ Warehouse,169,4332,Cabinet,85.0,189
PJ Warehouse,169,4333,Cabinet,69.0,153
PJ Warehouse,169,4334,Cabinet,85.0,189
PJ Warehouse,170,4337BK,Cabinet,69.0,153
PJ Warehouse,170,4338BK,Cabinet,85.0,189
PJ Warehouse,170,4337WH,Cabinet,69.0,153
PJ Warehouse,170,4338WH,Cabinet,85.0,189
PJ Warehouse,171,4335,Cabinet,75.0,167
PJ Warehouse,171,4336,Cabinet,89.0,198
PJ Warehouse,171,4322,Cabinet,65.0,144
PJ Warehouse,171,4323,Cabinet,75.0,167
PJ Warehouse,172,4424 CA,2 Drawers with 2 Doors Shoes Cabinet in Cappuccino,89.0,198
PJ Warehouse,172,4228,Shoes Cabinet,75.0,167
PJ Warehouse,173,4224WH,2 Door Wardrobe,95.0,211
PJ Warehouse,173,4225WH,2 Door 2 Drawer Wardrobe,105.0,233
PJ Warehouse,173,4226WH,2 Door 2 Drawer Wardrobe,135.0,300
PJ Warehouse,174,4224N,2 Door Wardrobe,95.0,211
PJ Warehouse,174,4225N,2 Door 2 Drawer Wardrobe,105.0,233
PJ Warehouse,174,4226N,2 Door 2 Drawer Wardrobe,135.0,300
PJ Warehouse,175,4224CH,2 Door Wardrobe,95.0,211
PJ Warehouse,175,4225CH,2 Door 2 Drawer Wardrobe,105.0,233
PJ Warehouse,175,4226CH,2 Door 2 Drawer Wardrobe,135.0,300
PJ Warehouse,176,4224BK,2 Door Wardrobe,95.0,211
PJ Warehouse,176,4225BK,2 Door 2 Drawer Wardrobe,105.0,233
PJ Warehouse,176,4225BK,2 Door 2 Drawer Wardrobe,135.0,300
PJ Warehouse,177,4227CH,Wooden 3 Door 2 Drawer Wardrobe,185.0,411
PJ Warehouse,178,4229WH/GRAY,3 Drawers Chest,55.0,122
PJ Warehouse,179,4223N/BK/CH/WH,5 Drawers Chest,85.0,189
PJ Warehouse,179,4220D-CA,Cabinet,45.0,100
PJ Warehouse,179,4220CA,Cabinet,35.0,78
PJ Warehouse,179,4218D-CA,Cabinet,35.0,78
PJ Warehouse,179,4218CA,Cabinet,25.0,56
PJ Warehouse,179,4216D-CA,Cabinet,25.0,56
PJ Warehouse,179,4216CA,Cabinet,19.95,44
PJ Warehouse,180,4220D-BK,Cabinet,45.0,100
PJ Warehouse,180,4220BK,Cabinet,35.0,78
PJ Warehouse,180,4218D-BK,Cabinet,35.0,78
PJ Warehouse,180,4218BK,Cabinet,25.0,56
PJ Warehouse,180,4216D-BK,Cabinet,25.0,56
PJ Warehouse,180,4216BK,Cabinet,19.95,44
PJ Warehouse,181,4220D-CH,Cabinet,45.0,100
PJ Warehouse,181,4220CH,Cabinet,35.0,78
PJ Warehouse,181,4218D-CH,Cabinet,35.0,78
PJ Warehouse,181,4218CH,Cabinet,25.0,56
PJ Warehouse,181,4216D-CH,Cabinet,25.0,56
PJ Warehouse,181,4216CH,Cabinet,19.95,44
PJ Warehouse,182,4220D-N,Cabinet,45.0,100
PJ Warehouse,182,4220N,Cabinet,35.0,78
PJ Warehouse,182,4218D-N,Cabinet,35.0,78
PJ Warehouse,182,4218N,Cabinet,25.0,56
PJ Warehouse,182,4216D-N,Cabinet,25.0,56
PJ Warehouse,182,4216N,Cabinet,19.95,44
PJ Warehouse,183,4220D-WH,Cabinet,45.0,100
PJ Warehouse,183,4220WH,Cabinet,35.0,78
PJ Warehouse,183,4218D-WH,Cabinet,35.0,78
PJ Warehouse,183,4218WH,Cabinet,25.0,56
PJ Warehouse,183,4216D-WH,Cabinet,25.0,56
PJ Warehouse,183,4216WH,Cabinet,19.95,44
PJ Warehouse,184,4217WAL/BK/WH,TV/Buffet Stand,25.0,56
PJ Warehouse,185,4316WH/4320WH,3 Shelf Bookcase,29.95,67
PJ Warehouse,185,4316WH/4320WH,5 Shelf Bookcase,49.95,111
PJ Warehouse,185,4316CA/4320CA,3 Shelf Bookcase,29.95,67
PJ Warehouse,185,4316CA/4320CA,5 Shelf Bookcase,49.95,111
PJ Warehouse,186,4411CA/4411N/4411CH,Phone Stand,22.0,49
PJ Warehouse,186,2036WH/2036PK/2036CH,Standing Mirror,49.95,111
PJ Warehouse,187,5115WH,Planter Stand,21.95,49
PJ Warehouse,187,5116WH,Planter Stand,25.95,58
PJ Warehouse,188,5115CA,Planter Stand,21.95,49
PJ Warehouse,188,5116CA,Planter Stand,25.95,58
PJ Warehouse,189,5107,Coat Rack,49.95,111
PJ Warehouse,189,2047BK,Coat Rack,22.0,49
PJ Warehouse,189,2048WH,Coat Rack,22.0,49
PJ Warehouse,189,2052BK,Coat Rack,23.0,51
PJ Warehouse,190,2050WH/BK,Coat Rack,19.95,44
PJ Warehouse,190,2050CHROME,Coat Rack,21.95,49
PJ Warehouse,190,2051BK,Coat Rack,12.95,29
PJ Warehouse,191,2772,Shoes,21.95,49
PJ Warehouse,191,2083WH/BK,3 Tier Rolling Cart,19.95,44
PJ Warehouse,191,2773,Clothes Rack with Shoe Net,21.95,49
PJ Warehouse,191,2771,Clothes Rack with Shoe Net,19.95,44
PJ Warehouse,192,2825 CHROME,3 Tier Wardrobe with Cover,49.95,111
PJ Warehouse,192,2826 CHROME,6 Tier Wardrobe with Cover,69.95,155
PJ Warehouse,193,2813 CHROME,Shelf,24.95,55
PJ Warehouse,193,2814 CHROME,Shelf,29.95,67
PJ Warehouse,193,2815 CHROME,Shelf,36.95,82
PJ Warehouse,193,2813 BK,Shelf,24.95,55
PJ Warehouse,193,2814 BK,Shelf,29.95,67
PJ Warehouse,193,2815 BK,Shelf,36.95,82
PJ Warehouse,194,2810,10 Drawers Utility Cart,39.95,89
PJ Warehouse,194,2824CHROME,Shelf,59.95,133
PJ Warehouse,194,2823CHROME,Shelf,49.95,111
PJ Warehouse,195,4202,Storage Shelf,17.95,40
PJ Warehouse,195,4203,Storage Shelf,21.95,49
PJ Warehouse,195,4204,Storage Shelf,25.95,58
PJ Warehouse,195,4206,Storage Shelf,39.95,89
PJ Warehouse,195,4207,Storage Shelf,45.95,102
PJ Warehouse,195,4208,Storage Shelf,49.95,111
Recliners NY,1,GN4731,Light Brown Gel Leather Sectional,1162.0,2582
Recliners NY,2,GNT4632,Black Faux Leather - Chair,226.0,502
Recliners NY,2,GNT4632,Black Faux Leather - Loveseat,413.0,918
Recliners NY,2,GNT4632,Black Faux Leather - Sofa,515.0,1144
Recliners NY,2,GN4730,Black Faux Leather Sectional,1027.0,2282
Recliners NY,3,GNT4633,Brown Faux Leather - Chair,226.0,502
Recliners NY,3,GNT4633,Brown Faux Leather - Loveseat,413.0,918
Recliners NY,3,GNT4633,Brown Faux Leather - Sofa,515.0,1144
Recliners NY,3,GN4733,Brown Faux Leather Sectional,1027.0,2282
Recliners NY,4,GNT4634,Cream White Faux Leather - Chair,226.0,502
Recliners NY,4,GNT4634,Cream White Faux Leather - Loveseat,413.0,918
Recliners NY,4,GNT4634,Cream White Faux Leather - Sofa,515.0,1144
Recliners NY,4,GN4732,Cream White Faux Leather Sectional,1027.0,2282
Recliners NY,5,GNT4658,Black Gel Leather - Chair,230.0,511
Recliners NY,5,GNT4658,Black Gel Leather - Sofa,520.0,1156
Recliners NY,5,GNT4658,Black Gel Leather - Loveseat,418.0,929
Recliners NY,5,GN4647,Black Gel Leather SALE - Chair,316.0,702
Recliners NY,5,GN4647,Black Gel Leather SALE - Sofa,503.0,1118
Recliners NY,5,GN4647,Black Gel Leather SALE - Loveseat,463.0,1029
Recliners NY,5,GN4643,Light Gray Gel Leather - Chair,316.0,702
Recliners NY,5,GN4643,Light Gray Gel Leather - Sofa,503.0,1118
Recliners NY,5,GN4643,Light Gray Gel Leather - Loveseat,463.0,1029
Recliners NY,7,GN4648,Black Gel Leather - Chair,236.0,524
Recliners NY,7,GN4648,Black Gel Leather - Sofa,544.0,1209
Recliners NY,7,GN4648,Black Gel Leather - Loveseat,438.0,973
Recliners NY,7,GN4748,Black Gel Leather Sectional,1027.0,2282
Recliners NY,8,GN4649,Cream White Gel Leather - Chair,236.0,524
Recliners NY,8,GN4649,Cream White Gel Leather - Sofa,544.0,1209
Recliners NY,8,GN4649,Cream White Gel Leather - Loveseat,438.0,973
Recliners NY,8,GN4749,Cream White Gel Leather Sectional,1027.0,2282
Recliners NY,9,GN4738,Beige Gel Leather Sectional,1154.0,2564
Recliners NY,9,GN4638,Beige Gel Leather - Chair,236.0,524
Recliners NY,9,GN4638,Beige Gel Leather - Sofa,544.0,1209
Recliners NY,9,GN4638,Beige Gel Leather - Loveseat,438.0,973
Recliners NY,9,GN4637,Blueish Grey Sanded Gel Leather - Chair,236.0,524
Recliners NY,9,GN4637,Blueish Grey Sanded Gel Leather - Sofa,544.0,1209
Recliners NY,9,GN4637,Blueish Grey Sanded Gel Leather - Loveseat,438.0,973
Sofas NY,1,F4601,Red Faux Leather - Sofa,212.0,471
Sofas NY,1,F4601,Red Faux Leather - Loveseat,172.0,382
Sofas NY,1,F4601,Red Faux Leather - Chair,116.0,258
Sofas NY,1,F4602,Black Faux Leather (same prices as F4601),212.0,471
Sofas NY,1,F4603,Orange Brown Faux Leather (same prices),212.0,471
Sofas NY,1,F4604,White Faux Leather (same prices),212.0,471
Sofas NY,1,F4605,Brown Faux Leather (same prices),212.0,471
Sofas NY,2,F4501,Black & White Faux Leather - Sofa,212.0,471
Sofas NY,2,F4501,Black & White Faux Leather - Loveseat,172.0,382
Sofas NY,2,F4501,Black & White Faux Leather - Chair,116.0,258
Sofas NY,2,F4502,Black Faux Leather (same prices),212.0,471
Sofas NY,2,F4503,Black & Red Faux Leather (same prices),212.0,471
Sofas NY,3,F4904,Gray Microfiber - Sofa,207.0,460
Sofas NY,3,F4904,Gray Microfiber - Loveseat,184.0,409
Sofas NY,3,F4904,Gray Microfiber - Chair,120.0,267
Sofas NY,3,F4901,Red Microfiber (same prices),207.0,460
Sofas NY,3,F4902,Black Microfiber (same prices),207.0,460
Sofas NY,3,F4903,Blue Microfiber (same prices),207.0,460
Sofas NY,3,F4905,White Microfiber (same prices),207.0,460
Sofas NY,4,FF0001,Gray White Flannelette Sofabed,277.0,616
Sofas NY,4,FF0002,Dark Brown Sofabed,277.0,616
Sofas NY,4,FF0003,Red Sofabed,277.0,616
Sofas NY,4,FF0004,Blue Sofabed,277.0,616
Sofas NY,4,FF0005,Black Sofabed,277.0,616
Sofas NY,4,FF0006,Dark Gray Sofabed,277.0,616
Sofas NY,5,FF0051,Dark Gray Sackcloth Sectional,384.0,853
Sofas NY,5,FF0053,Cream White Sackcloth Sectional SALE,342.0,760
Sofas NY,5,FF0052,Dark Gray Sackcloth Sectional,351.0,780
Sofas NY,6,F5996-#1,Dark Gray Corduroy Sectional with Ottoman,708.0,1573
Sofas NY,6,F5996-#1,Ottoman,61.0,136
Sofas NY,6,F5996-#1,Sofa,308.0,684
Sofas NY,6,F5996-#5,Loveseat,224.0,498
Sofas NY,6,F5996-#6,Sofa,308.0,684
Sofas NY,7,F5996-#2,Sectional,512.0,1138
Sofas NY,7,F5996-#3,Sofa with Console,368.0,818
Sofas NY,7,F5996-#4,Sectional,480.0,1067
Sofas NY,7,F5996-C,Chair,84.0,187
Sofas NY,8,F2502,Black Faux Leather - Chair,124.0,276
Sofas NY,8,F2502,Black Faux Leather - Sofa,274.0,609
Sofas NY,8,F2502,Black Faux Leather - Loveseat,180.0,400
Sofas NY,8,FU2201,White Flannelette Chaise Sectional,216.0,480
Sofas NY,8,F22021,Black Faux Leather Chaise Sectional,245.0,544
Sofas NY,9,F44672,Brown Flannel U-Sectional,560.0,1244
Sofas NY,9,F44673,Blue Flannel U-Sectional,560.0,1244
Sofas NY,10,F22302,Apple Green Woven Cotton Sectional,307.0,682
Sofas NY,10,F22301,Blue Sectional,307.0,682
Sofas NY,10,F22306,Light Gray Sectional,307.0,682
Sofas NY,10,F22307,Pale Green Sectional,307.0,682
Sofas NY,10,F22306,Dark Gray Sectional,307.0,682
Sofas NY,11,F4974#1,Brown Corduroy Modular Sofa,820.0,1822
Sofas NY,11,F4972#1,Green Corduroy Modular Sofa,820.0,1822
Sofas NY,11,F4973#1,Gray Corduroy Modular Sofa,820.0,1822
Sofas NY,12,F4973#5 / F4972#5 / F4974#5,Corduroy Sectional,616.0,1369
Sofas NY,12,F4974#4 / F4973#4 / F4972#5,Sofa + Loveseat + Ottoman,746.0,1658
Sofas NY,13,F4982#1,Gray Corduroy Modular,820.0,1822
Sofas NY,13,F4983#1,Beige Corduroy Modular,820.0,1822
Sofas NY,13,F4984#1,Green Corduroy Modular,820.0,1822
Sofas NY,13,F4983#3 / F4984#3,Sectional,573.0,1273
Sofas NY,13,F4982#4,Sofa + Loveseat + Ottoman,726.0,1613
Sofas NY,14,F4992#1,Gray Microfiber Modular,895.0,1989
Sofas NY,14,F4992#3,Gray Microfiber Chaise Sectional,552.0,1227
Sofas NY,14,F4992#4,Sofa + Loveseat + Ottoman,701.0,1558
Top Grain Leather NY,1,GN8602,Dark Gray Genuine Leather Sectional,2130.0,4733
Top Grain Leather NY,2,GN8602,Mahogany Brown Genuine Leather Sectional,1926.0,4280
Top Grain Leather NY,2,GN8603,Taupe Genuine Leather Sectional,1926.0,4280
Top Grain Leather NY,3,GN8322,Gray Genuine Leather - Chair,480.0,1067
Top Grain Leather NY,3,GN8322,Gray Genuine Leather - Sofa,734.0,1631
Top Grain Leather NY,3,GN8322,Gray Genuine Leather - Loveseat,710.0,1578
Top Grain Leather NY,4,F302,Black & Red Genuine Leather - Chair,291.0,647
Top Grain Leather NY,4,F302,Black & Red Genuine Leather - Sofa,655.0,1456
Top Grain Leather NY,4,F302,Black & Red Genuine Leather - Loveseat,453.0,1007
Top Grain Leather NY,4,F304,Black Genuine Leather - Sofa,655.0,1456
Top Grain Leather NY,4,F304,Black Genuine Leather - Chair,291.0,647
Top Grain Leather NY,4,F306,Brown & Black Genuine Leather - Sofa,655.0,1456
Top Grain Leather NY,4,F306,Brown & Black Genuine Leather - Chair,291.0,647
Top Grain Leather NY,5,F8301A,Black Genuine Leather Chesterfield Sectional,1847.0,4104
Top Grain Leather NY,5,F8302A,White Genuine Leather Chesterfield Sectional,1847.0,4104
Top Grain Leather NY,5,F8302B,White Genuine Leather Chesterfield Chaise,1847.0,4104
Top Grain Leather NY,5,F8301B,Black Genuine Leather Chesterfield Chaise,1847.0,4104
Top Grain Leather NY,6,F8801,Black Genuine Leather - Chair,632.0,1404
Top Grain Leather NY,6,F8801,Black Genuine Leather - Sofa,822.0,1827
Top Grain Leather NY,6,F8801,Black Genuine Leather - Loveseat,458.0,1018
Top Grain Leather NY,6,F8802,White Genuine Leather - Chair,632.0,1404
Top Grain Leather NY,6,F8802,White Genuine Leather - Sofa,822.0,1827
Top Grain Leather NY,6,F8802,White Genuine Leather - Loveseat,458.0,1018
Top Grain Leather NY,7,F3210#1,Brown Genuine Leather Sectional,1925.0,4278
Top Grain Leather NY,7,F3210#1,Ottoman,183.0,407
Top Grain Leather NY,7,F3210#2,Brown Genuine Leather Sectional,1675.0,3722
Top Grain Leather NY,7,F3210#2,Ottoman,183.0,407
Top Grain Leather NY,8,F3210#3,"Brown Genuine Leather - L,L,C,O",1803.0,4007
Top Grain Leather NY,8,F3210#3,Love,598.0,1329
Top Grain Leather NY,8,F3210#3,Chair,425.0,944
Top Grain Leather NY,8,F3210#3,Ottoman,183.0,407
Top Grain Leather NY,8,F3210#4,"Brown Genuine Leather - S,L,O",1629.0,3620
Top Grain Leather NY,8,F3210#4,Sofa,848.0,1884
Top Grain Leather NY,8,F3210#4,Love,598.0,1329
Top Grain Leather NY,8,F3210#4,Ottoman,183.0,407
