Source,Page,Product Code,Description,Price
PJ Warehouse,2,7603,Full Size Platform Bed,$179.00
PJ Warehouse,2,7603,Queen Size Platform Bed,$199.00
PJ Warehouse,3,7600Q-IVY,Queen Size Platform Bed,$399.00
PJ Warehouse,4,7602Q-GRAY,Twin Size Platform Bed,$129.00
PJ Warehouse,4,7602Q-GRAY,Full Size Platform Bed,$149.00
PJ Warehouse,4,7602Q-GRAY,Queen Size Platform Bed,$159.00
PJ Warehouse,5,7602Q-IVY,Twin Size Platform Bed,$129.00
PJ Warehouse,5,7602Q-IVY,Full Size Platform Bed,$149.00
PJ Warehouse,5,7602Q-IVY,Queen Size Platform Bed,$159.00
PJ Warehouse,6,7602-PINK,Twin Size Platform Bed,$129.00
PJ Warehouse,6,7602-PINK,Full Size Platform Bed,$149.00
PJ Warehouse,6,7602-PINK,Queen Size Platform Bed,$159.00
PJ Warehouse,7,7401Q-BK,Queen Size Platform Bed,$499.00
PJ Warehouse,8,7402Q-WH,Queen Size Platform Bed,$499.00
PJ Warehouse,9,7405WH,Full Size Platform Bed,$299.00
PJ Warehouse,9,7405WH,Queen Size Platform Bed,$299.00
PJ Warehouse,10,7500F-GRAY / 7500Q-GRAY,Full Size Platform Bed,$299.00
PJ Warehouse,10,7500F-GRAY / 7500Q-GRAY,Queen Size Platform Bed,$299.00
PJ Warehouse,11,7403GRAY,Full Size Platform Bed,$299.00
PJ Warehouse,11,7403GRAY,Queen Size Platform Bed,$299.00
PJ Warehouse,12,7404BK,Full Size Platform Bed,$299.00
PJ Warehouse,12,7404BK,Queen Size Platform Bed,$299.00
PJ Warehouse,13,7102 BROWN,Full Bed,$109.00
PJ Warehouse,13,7102 BROWN,Queen Bed,$119.00
PJ Warehouse,14,7102 GRAY,Full Bed,$109.00
PJ Warehouse,14,7102 GRAY,Queen Bed,$119.00
PJ Warehouse,15,7011GRAY,Twin Bed,$119.00
PJ Warehouse,15,7011GRAY,Full Bed,$139.00
PJ Warehouse,15,7011GRAY,Queen Bed,$149.00
PJ Warehouse,16,7011CHAR,Twin Bed,$119.00
PJ Warehouse,16,7011CHAR,Full Bed,$139.00
PJ Warehouse,16,7011CHAR,Queen Bed,$149.00
PJ Warehouse,17,7804 GRAY,Full Bed,$249.00
PJ Warehouse,17,7804 GRAY,Queen Bed,$269.00
PJ Warehouse,18,7100TWIN/ FULL/ QUEEN,Twin Bed,$75.00
PJ Warehouse,18,7100TWIN/ FULL/ QUEEN,Full Bed,$85.00
PJ Warehouse,18,7100TWIN/ FULL/ QUEEN,Queen Bed,$95.00
PJ Warehouse,19,7016-GRAY,Full Bed,$99.00
PJ Warehouse,19,7016-GRAY,Queen Bed,$109.00
PJ Warehouse,20,7806-GRAY,Full Bed,$199.00
PJ Warehouse,20,7806-GRAY,Queen Bed,$229.00
PJ Warehouse,21,7013,Twin Bed,$99.00
PJ Warehouse,21,7013,Full Bed,$119.00
PJ Warehouse,21,7013,Queen Bed,$129.00
PJ Warehouse,22,7020WH,Full Bed,$199.00
PJ Warehouse,22,7020WH,Queen Bed,$219.00
PJ Warehouse,22,7021BK,Full Bed,$199.00
PJ Warehouse,22,7021BK,Queen Bed,$219.00
PJ Warehouse,23,7901CA-T/F,Twin Bed,$109.00
PJ Warehouse,23,7901CA-T/F,Full Bed,$129.00
PJ Warehouse,24,7901WH-T/F,Twin Bed,$109.00
PJ Warehouse,24,7901WH-T/F,Full Bed,$129.00
PJ Warehouse,25,7701CA,Twin/Twin size Bunk Bed,$219.00
PJ Warehouse,26,7701WH,Twin/Twin size Bunk Bed,$219.00
PJ Warehouse,27,7702CA,Full/Twin size Bunk Bed,$279.00
PJ Warehouse,28,7702WH,Full/Twin size Bunk Bed,$279.00
PJ Warehouse,29,7905BK,Twin/Twin Bunk Bed,$149.00
PJ Warehouse,29,7004BK,Twin/Full Metal Bunk Bed,$169.00
PJ Warehouse,30,2331,Folding Bed with Foam Mattress,$119.00
PJ Warehouse,30,1901,Twin Size Metal Bed Frame,$59.00
PJ Warehouse,30,1901,Full Size Metal Bed Frame,$79.00
PJ Warehouse,30,1901,Queen Size Metal Bed Frame,$89.00
PJ Warehouse,31,1901,Full Size,$79.00
PJ Warehouse,31,1901,Queen Size,$89.00
PJ Warehouse,31,1901,Twin Size,$59.00
PJ Warehouse,32,7801F-BL,Full Bed,$85.00
PJ Warehouse,32,7801F-CHAR,Full Bed,$85.00
PJ Warehouse,32,7800F-BL,Full Bed,$99.00
PJ Warehouse,32,7800F-CHAR,Full Bed,$99.00
PJ Warehouse,32,7800Q2-BL,Queen Bed,$99.00
PJ Warehouse,32,7800Q-CHAR,Queen Bed,$99.00
PJ Warehouse,33,7003T-BK / 7003F-BK,Twin Bed,$69.00
PJ Warehouse,33,7003T-BK / 7003F-BK,Full Bed,$89.00
PJ Warehouse,34,7003T-WH / 7003F-WH,Twin Bed,$69.00
PJ Warehouse,34,7003T-WH / 7003F-WH,Full Bed,$89.00
PJ Warehouse,35,7202,Twin Bed,$99.00
PJ Warehouse,35,7202,Full Bed,$119.00
PJ Warehouse,35,7202,Queen Bed,$129.00
PJ Warehouse,36,7203,Twin Bed,$99.00
PJ Warehouse,36,7203,Full Bed,$119.00
PJ Warehouse,36,7203,Queen Bed,$129.00
PJ Warehouse,37,7009T/7009F/7009Q,Twin Size Bed,$79.00
PJ Warehouse,37,7009T/7009F/7009Q,Full Size Bed,$99.00
PJ Warehouse,37,7009T/7009F/7009Q,Queen Size Bed,$109.00
PJ Warehouse,38,7001T/7001F/7001Q,Twin Size Bed,$95.00
PJ Warehouse,38,7001T/7001F/7001Q,Full Size Bed,$119.00
PJ Warehouse,38,7001T/7001F/7001Q,Queen Size Bed,$129.00
PJ Warehouse,39,7002,Twin Bed,$79.00
PJ Warehouse,39,7002,Full Bed,$99.00
PJ Warehouse,39,7002,Queen Bed,$109.00
PJ Warehouse,40,8910,8911-NS Night Stand,$90.00
PJ Warehouse,40,8910,8912-MR Mirror,$60.00
PJ Warehouse,40,8910,8913-DS Dresser,$260.00
PJ Warehouse,40,8910,8914-CH Chest,$190.00
PJ Warehouse,40,8910,Queen Bed,$499.00
PJ Warehouse,41,8003,8003-NS Night Stand,$90.00
PJ Warehouse,41,8003,8003-MR Mirror,$75.00
PJ Warehouse,41,8003,8003-DS Dresser,$250.00
PJ Warehouse,41,8003,8003-CH Chest,$185.00
PJ Warehouse,41,8003,Queen Bed,$220.00
PJ Warehouse,41,8003,"Queen Bed 5pcs Set (QB, NS, MR, DS, CH)",$790.00
PJ Warehouse,42,8010,8010-NS Night Stand,$85.00
PJ Warehouse,42,8010,8010-MR Mirror,$60.00
PJ Warehouse,42,8010,8010-DS Dresser,$225.00
PJ Warehouse,42,8010,8010-CH Chest,$175.00
PJ Warehouse,42,8010,Full Bed,$180.00
PJ Warehouse,42,8010,Queen Bed,$190.00
PJ Warehouse,42,8010,"Full Bed 5pcs Set (FB, NS, MR, DS, CH)",$640.00
PJ Warehouse,42,8010,"Queen Bed 5pcs Set (QB, NS, MR, DS, CH)",$650.00
PJ Warehouse,43,8009,8009-NS Night Stand,$75.00
PJ Warehouse,43,8009,8009-MR Mirror,$55.00
PJ Warehouse,43,8009,8009-DS Dresser,$220.00
PJ Warehouse,43,8009,8009-CH Chest,$170.00
PJ Warehouse,43,8009,Full Bed,$175.00
PJ Warehouse,43,8009,Queen Bed,$185.00
PJ Warehouse,43,8009,Full Bed 5pcs Set,$650.00
PJ Warehouse,43,8009,Queen Bed 5pcs Set,$670.00
PJ Warehouse,44,8008,8008-NS Night Stand,$75.00
PJ Warehouse,44,8008,8008-MR Mirror,$55.00
PJ Warehouse,44,8008,8008-DS Dresser,$220.00
PJ Warehouse,44,8008,8008-CH Chest,$170.00
PJ Warehouse,44,8008,Full Bed,$175.00
PJ Warehouse,44,8008,Queen Bed,$185.00
PJ Warehouse,44,8008,Full Bed 5pcs Set,$650.00
PJ Warehouse,44,8008,Queen Bed 5pcs Set,$670.00
PJ Warehouse,46,9701BR,Sofa Bed with Storage,$299.00
PJ Warehouse,47,2400IVY/GRAY/BL,Sofa Bed,$169.00
PJ Warehouse,48,2402RD/GR/BL,Sofa Bed,$149.00
