Product_Code,Product_Name,Category,Source
F4601,Red Faux Leather,Sofa,Sofas NY Price
F4602,Black Faux Leather,Sofa,Sofas NY Price
F4603,Orange Brown Faux Leather,Sofa,Sofas NY Price
F4604,White Faux Leather,Sofa,Sofas NY Price
F4605,Brown Faux Leather,Sofa,Sofas NY Price
F4501,Black & White Faux Leather,Sofa,Sofas NY Price
F4502,Black Faux Leather,Sofa,Sofas NY Price
F4503,Black & Red Faux Leather,Sofa,Sofas NY Price
F4901,Red Microfiber,Sofa,Sofas NY Price
F4902,Black Microfiber,Sofa,Sofas NY Price
F4903,Blue Microfiber,Sofa,Sofas NY Price
F4904,Gray Microfiber,Sofa,Sofas NY Price
F4905,White Microfiber,Sofa,Sofas NY Price
FF0001,Gray White Flannelette Sofabed,Sofa Bed,Sofas NY Price
FF0002,Dark Brown,Sofa Bed,Sofas NY Price
FF0003,Red,Sofa Bed,Sofas NY Price
FF0004,Blue,Sofa Bed,Sofas NY Price
FF0005,Black,Sofa Bed,Sofas NY Price
FF0006,Dark Gray,Sofa Bed,Sofas NY Price
FF0051,Dark Gray Sackcloth,Sectional,Sofas NY Price
FF0052,Dark Gray Sackcloth,Sectional,Sofas NY Price
FF0053,Cream White Sackcloth,Sectional,Sofas NY Price
F5996-#1,Dark Gray Corduroy Modular,Modular Sofa,Sofas NY Price
F5996-#2,Dark Gray Corduroy Modular,Modular Sofa,Sofas NY Price
F5996-#3,Dark Gray Corduroy Modular,Modular Sofa,Sofas NY Price
F5996-#4,Dark Gray Corduroy Modular,Modular Sofa,Sofas NY Price
F5996-#5,Dark Gray Corduroy Modular,Modular Sofa,Sofas NY Price
F5996-#6,Dark Gray Corduroy Modular,Modular Sofa,Sofas NY Price
F2502,Black Faux Leather,Sofa,Sofas NY Price
FU2201,White Flannelette,Chaise Sofa,Sofas NY Price
F22021,Black Faux Leather,Chaise Sofa,Sofas NY Price
F44672,Brown Flannel,Sectional,Sofas NY Price
F44673,Blue Flannel,Sectional,Sofas NY Price
F22301,Blue,Sectional,Sofas NY Price
F22302,Apple Green Woven Cotton,Sectional,Sofas NY Price
F22306,Light Gray / Dark Gray,Sectional,Sofas NY Price
F22307,Pale Green,Sectional,Sofas NY Price
F4972#1,Green Corduroy,Modular Sofa,Sofas NY Price
F4972#5,Green Corduroy,Modular Sofa,Sofas NY Price
F4973#1,Gray Corduroy,Modular Sofa,Sofas NY Price
F4973#4,Gray Corduroy,Modular Sofa,Sofas NY Price
F4973#5,Gray Corduroy,Modular Sofa,Sofas NY Price
F4974#1,Brown Corduroy,Modular Sofa,Sofas NY Price
F4974#4,Brown Corduroy,Modular Sofa,Sofas NY Price
F4974#5,Brown Corduroy,Modular Sofa,Sofas NY Price
F4982#1,Gray Corduroy,Modular Sofa,Sofas NY Price
F4982#3,Gray Corduroy,Modular Sofa,Sofas NY Price
F4982#4,Gray Corduroy,Modular Sofa,Sofas NY Price
F4983#1,Beige Corduroy,Modular Sofa,Sofas NY Price
F4983#3,Beige Corduroy,Modular Sofa,Sofas NY Price
F4984#1,Green Corduroy,Modular Sofa,Sofas NY Price
F4984#3,Green Corduroy,Modular Sofa,Sofas NY Price
F4992#1,Gray Microfiber,Modular Sofa,Sofas NY Price
F4992#3,Gray Microfiber,Modular Sofa,Sofas NY Price
F4992#4,Gray Microfiber,Modular Sofa,Sofas NY Price
F4872,Gray Microfiber,Sofa,Sofas NY Price
F4873,White Microfiber,Sofa,Sofas NY Price
F4402,Black Microfiber,Sectional,Sofas NY Price
GN4731,Light Brown Gel Leather,Recliner Sectional,Recliners NY Price
GNT4632,Black Faux Leather,Power Recliner,Recliners NY Price
GN4730,Black Faux Leather,Recliner Sectional,Recliners NY Price
GNT4633,Brown Faux Leather,Power Recliner,Recliners NY Price
GN4733,Brown Faux Leather,Recliner Sectional,Recliners NY Price
GNT4634,Cream White Faux Leather,Power Recliner,Recliners NY Price
GN4732,Cream White Faux Leather,Recliner Sectional,Recliners NY Price
GNT4658,Black Gel Leather,Power Recliner,Recliners NY Price
GN4647,Black Gel Leather,Power Recliner,Recliners NY Price
GN4643,Light Gray Gel Leather,Power Recliner,Recliners NY Price
GN4648,Black Gel Leather,Power Recliner,Recliners NY Price
GN4748,Black Gel Leather,Recliner Sectional,Recliners NY Price
GN4649,Cream White Gel Leather,Power Recliner,Recliners NY Price
GN4749,Cream White Gel Leather,Recliner Sectional,Recliners NY Price
GN4738,Beige Gel Leather,Recliner Sectional,Recliners NY Price
GN4638,Beige Gel Leather,Power Recliner,Recliners NY Price
GN4637,Blueish Grey Sanded Gel Leather,Power Recliner,Recliners NY Price
GN4756,Black Faux Leather,Recliner Sectional,Recliners NY Price
GN4762,Beige Corduroy / Light Gray Faux Leather,Recliner Sectional,Recliners NY Price
GN4764,Chocolate Corduroy / Black Faux Leather,Recliner Sectional,Recliners NY Price
GST4791,Deep Gray Faux Leather Power Recline,Power Recliner,Recliners NY Price
GST4801,Gray Faux Leather Power Recline,Power Recliner,Recliners NY Price
GN4729,Gray Gel Leather Power Recline,Recliner Sectional,Recliners NY Price
GS4106,Cream White Gel Leather Manual Recline,Manual Recliner,Recliners NY Price
GN4212,Cream White Gel Leather Power Recline,Power Recliner,Recliners NY Price
GS2898,Dark Gray Corduroy,Manual Recliner,Recliners NY Price
GS2762,Dark Gray Corduroy,Recliner Sectional,Recliners NY Price
GS2896,Brown Patterned Chinelle,Manual Recliner,Recliners NY Price
GS2761,Brown Patterned Chinelle,Recliner Sectional,Recliners NY Price
GS2899,Pecan Corduroy,Manual Recliner,Recliners NY Price
GS2764,Pecan Corduroy,Recliner Sectional,Recliners NY Price
GS4735,Dark Gray Corduroy,Recliner Sectional,Recliners NY Price
GS4737,Dark Brown Corduroy,Recliner Sectional,Recliners NY Price
GS4303,Dark Brown Corduroy,Recliner Sectional,Recliners NY Price
GS5121,Dark Brown Corduroy,Manual Recliner,Recliners NY Price
GS5122,Dark Gray Corduroy,Manual Recliner,Recliners NY Price
GS5123,Green Corduroy,Manual Recliner,Recliners NY Price
GS5124,Beige Corduroy,Manual Recliner,Recliners NY Price
GS5132,Brown Cashmere Fleece,Manual Recliner,Recliners NY Price
GS4111,Black Faux Leather,Manual Recliner,Recliners NY Price
GS4112,Brown Faux Leather,Manual Recliner,Recliners NY Price
GS4301,Black Faux Leather,Recliner Sectional,Recliners NY Price
GS2781,Black Faux Leather Manual Recline,Recliner Sectional,Recliners NY Price
GS2890B,Black Faux Leather Manual Recline,Manual Recliner,Recliners NY Price
GS2890,Brown Faux Leather Manual Recline,Manual Recliner,Recliners NY Price
GS2892,Beige Faux Leather Manual Recline,Manual Recliner,Recliners NY Price
GS2895,Red Faux Leather,Manual Recliner,Recliners NY Price
GS2888,Blue Faux Leather,Manual Recliner,Recliners NY Price
GS2889,Ginger Faux Leather,Manual Recliner,Recliners NY Price
GS2885,Light Blue Soft Flannel,Manual Recliner,Recliners NY Price
GS2886,Gray White Soft Flannel,Manual Recliner,Recliners NY Price
GS2900,Brown Faux Leather,Manual Recliner,Recliners NY Price
GS2900B,Black Faux Leather,Manual Recliner,Recliners NY Price
GN8602,Dark Gray Genuine Leather,Top Grain Leather,Top Grain Leather
GN8602-Mahogany,Mahogany Brown Genuine Leather,Top Grain Leather,Top Grain Leather
GN8603,Taupe Genuine Leather,Top Grain Leather,Top Grain Leather
GN8322,Gray Genuine Leather,Top Grain Leather,Top Grain Leather
F302,Black & Red Genuine Leather,Top Grain Leather,Top Grain Leather
F304,Black Genuine Leather,Top Grain Leather,Top Grain Leather
F306,Brown & Black Genuine Leather,Top Grain Leather,Top Grain Leather
F8301A,Black Genuine Leather,Top Grain Leather,Top Grain Leather
F8301B,Black Genuine Leather,Top Grain Leather,Top Grain Leather
F8302A,White Genuine Leather,Top Grain Leather,Top Grain Leather
F8302B,White Genuine Leather,Top Grain Leather,Top Grain Leather
F8801,Black Genuine Leather,Top Grain Leather,Top Grain Leather
F8802,White Genuine Leather,Top Grain Leather,Top Grain Leather
F3210#1,Brown Genuine Leather Modular,Top Grain Leather,Top Grain Leather
F3210#2,Brown Genuine Leather Modular,Top Grain Leather,Top Grain Leather
F3210#3,Brown Genuine Leather Modular,Top Grain Leather,Top Grain Leather
F3210#4,Brown Genuine Leather Modular,Top Grain Leather,Top Grain Leather
ELEVATE,ELEVATE Mattress,Mattress,Sleepy Edge
ELEVATE PRO,ELEVATE PRO Mattress,Mattress,Sleepy Edge
ATTUNE,ATTUNE Mattress,Mattress,Sleepy Edge
ATTUNE PRO,ATTUNE PRO Mattress,Mattress,Sleepy Edge
GROUND,GROUND Mattress,Mattress,Sleepy Edge
GROUND PRO,GROUND PRO Mattress,Mattress,Sleepy Edge
CANADIAN ROCK,CANADIAN ROCK Mattress,Mattress,Sleepy Edge
COCONUT MATTRESS,COCONUT MATTRESS,Mattress,Sleepy Edge
COCONUT MATTRESS WITH GEL,COCONUT MATTRESS WITH GEL,Mattress,Sleepy Edge
BORA,BORA Mattress,Mattress,Sleepy Edge
DREAM PLUSH,DREAM PLUSH Mattress,Mattress,Sleepy Edge
HYBRIPURE,HYBRIPURE Mattress,Mattress,Sleepy Edge
LATECH,LATECH Mattress,Mattress,Sleepy Edge
LATECH PRO,LATECH PRO Mattress,Mattress,Sleepy Edge
LATECH ELITE,LATECH ELITE Mattress,Mattress,Sleepy Edge
